{
  "model": "RandomForestRegressor",
  "test_mse": 0.04688114567699712,
  "test_r2": 0.8555362879811499
}